<?xml version="1.0" encoding="UTF-8"?>
<project-private xmlns="http://www.netbeans.org/ns/project-private/1">
    <editor-bookmarks xmlns="http://www.netbeans.org/ns/editor-bookmarks/2" lastBookmarkId="0"/>
    <open-files xmlns="http://www.netbeans.org/ns/projectui-open-files/2">
        <group>
            <file>file:/H:/javaapps/YummyXpress/src/yummyxpress/gui/OrderProductFrame.java</file>
            <file>file:/H:/javaapps/YummyXpress/src/yummyxpress/gui/AddFoodFrame.java</file>
            <file>file:/H:/javaapps/YummyXpress/src/yummyxpress/gui/CustomerOptionFrame.java</file>
            <file>file:/H:/javaapps/YummyXpress/src/yummyxpress/gui/ViewOrderHistoryFrame.java</file>
            <file>file:/H:/javaapps/YummyXpress/src/yummyxpress/gui/OrderFoodFrame.java</file>
            <file>file:/H:/javaapps/YummyXpress/src/yummyxpress/gui/SplashScreenFrame.java</file>
            <file>file:/H:/javaapps/YummyXpress/src/yummyxpress/gui/CustomerAccountFrame.java</file>
            <file>file:/H:/javaapps/YummyXpress/src/yummyxpress/gui/ViewFoodFrame.java</file>
            <file>file:/H:/javaapps/YummyXpress/src/yummyxpress/gui/OrderListFrame.java</file>
        </group>
    </open-files>
</project-private>
